avgX_Vel,stdX_Vel,medianX_Vel,avgX_Acc,stdX_Acc,medianX_Acc,avgY_Vel,stdY_Vel,medianY_Vel,avgY_Acc,stdY_Acc,medianY_Acc,Space_Headway
23.728725404849822,4.904623386043785,23.401375482662072,0.27389146334339914,4.270399774827396,-2.4130873243654468e-05,21.186484783848623,4.187580065812258,21.020808397702048,-0.13612256278520504,4.623351403794301,-1.2641625198388192e-11,23.598507155845766
28.937009036638848,8.0079476416947,28.015503926709762,0.5302892484627215,5.202518264316855,0.00251064811931382,25.722454324764755,6.511163304476852,25.018943062858046,-0.33556372508,5.68634649376242,-0.00039267041299021393,35.13038885327765
